{
    "bludv.xyz": {
        "anime_extra": "",
        "anime_keywords": "{title:br}",
        "anime_query": "EXTRA",
        "base_url": "https://bludv.xyz/?s=QUERY",
        "color": "FFF14E13",
	"enabled": true,
        "general_extra": "",
        "general_keywords": "{title:br}",
        "general_query": "EXTRA",
	"language": "br",
        "languages": "br, pt",
        "login_failed": "",
        "login_object": "",
        "login_path": null,
        "movie_extra": "",
        "movie_keywords": "{title:br} {year}",
        "movie_query": "EXTRA",
        "name": "BLUDV Filmes",
        "parser": {
            "infohash": "",
            "name": "item('a', order=1)",
            "peers": "-1",
            "row": "find_all('div', ('class','post'))",
            "seeds": "-1",
            "size": "",
            "torrent": "item('a', attribute='href', order=1)"
    },
    "private": false,
    "season_extra": "",
    "season_extra2": "",
    "season_keywords": "{title:en} {season} temporada {year}",
    "season_keywords_fallback": "{title:en} {season:2} temporada {year}",
    "season_query": "EXTRA",
    "separator": "+",
    "show_query": "",
    "subpage": true,
    "tv_extra": "",
    "tv_extra2": "",
    "tv_keywords": "{title:br} s{season:2}e{episode:2}",
    "tv_keywords_fallback": "{title:br} {season} temporada {year}"
    },
    "baixafilmestorrent2025.com": {
	"anime_extra": "",
	"anime_keywords": "{title:br} {episode}",
	"anime_query": "EXTRA",
	"base_url": "https://baixafilmestorrent2025.com/?s=QUERY",
	"color": "FFF14E13",
	"enabled": true,
	"general_extra": "",
	"general_keywords": "{title:br}",
	"general_query": "EXTRA",
	"language": "br",
	"languages": "br, pt",
	"login_failed": "",
	"login_object": "",
	"login_path": null,
	"movie_extra": "",
	"movie_keywords": "{title:br} {year}",
	"movie_query": "EXTRA",
	"name": "baixafilmestorrent2025",
	"parser": {
	    "infohash": "",
  	    "name": "item('a', order=1)",
	    "peers": "-1",
	    "row": "find_all('article', ('class','post'))",
	    "seeds": "-1",
	    "size": "",
            "torrent": "item(tag='a', attribute='href', order=1)"
    },
    "private": false,
    "season_extra": "",
    "season_extra2": "",
    "season_keywords": "{title:en} {season} temporada {year}",
    "season_keywords_fallback": "{title:en} {season:2} temporada {year}",
    "season_query": "EXTRA",
    "separator": "+",
    "show_query": "",
    "subpage": true,
    "tv_extra": "",
    "tv_keywords": "{title:br} s{season:2}e{episode:2}",
    "tv_keywords_fallback": "{title:br} {season} temporada {year}"
    },
    "bitsearch": {
        "anime_keywords": "{title:original} s{season:2}e{episode:2}",
        "anime_keywords_fallback": "{title:original} s{season:2}",
        "anime_query": "",
        "base_url": "https://bitsearch.to/search?q=QUERYEXTRA&category=1&subcat=2&sort=seeders",
        "color": "FFFFFFFF",
        "enabled": true,
        "general_extra": "",
        "general_keywords": "{title:original}",
        "general_query": "",
        "language": null,
        "languages": "en, br, pt",
        "login_failed": "",
        "login_object": "",
        "login_path": null,
        "movie_extra": "",
        "movie_keywords": "{title:br} {year}",
        "movie_query": "",
        "name": "BitSearch",
        "parser": {
            "infohash": "item(tag='a', select=('class', 'dl-magnet'), attribute='href', order=1, divider=('&', 0)).replace('magnet:?xt=urn:btih:', '')",
            "name": "item(tag='h5', select=('class', 'title'))",
            "peers": "item.find_once(tag='div', select=('class', 'stats')).find_once(tag='div', order=4).text()",
            "row": "find_all(tag='li', select=('class', 'search-result'))",
            "seeds": "item.find_once(tag='div', select=('class', 'stats')).find_once(tag='div', order=3).text()",
            "size": "item.find_once(tag='div', select=('class', 'stats')).find_once(tag='div', order=2).text()",
            "torrent": "item(tag='a', select=('class', 'dl-magnet'), attribute='href', order=1)"
        },
        "predefined": true,
        "private": false,
        "season_extra": "",
        "season_extra2": "",
        "season_keywords": "{title:br} {season} temporada",
        "season_keywords2": "{title:br} {season:2} temporada",
        "season_query": "",
        "separator": "+",
        "show_query": "",
        "subpage": null,
        "tv_extra": "",
        "tv_extra2": "",
        "tv_keywords": "{title:br} s{season:2}e{episode:2}",
        "tv_keywords_fallback": "{title:br} s{season:2}"
    },
    "comando4kfilmes.site": {
        "anime_extra": "",
        "anime_keywords": "{title:br}",
        "anime_query": "EXTRA",
        "base_url": "https://comando4kfilmes.site/?s=QUERY",
        "color": "FFF14E13",
	"enabled": true,
        "general_extra": "",
        "general_keywords": "{title:br}",
        "general_query": "EXTRA",
	"language": "br",
        "languages": "br, pt",
        "login_failed": "",
        "login_object": "",
        "login_path": null,
        "movie_extra": "",
        "movie_keywords": "{title:br} {year}",
        "movie_keywords_fallback": "{title:original} {year}",
        "movie_query": "EXTRA",
        "name": "comando4kfilmes",
        "parser": {
            "infohash": "",
            "name": "item('a', order=1)",
            "peers": "-1",
            "row": "find_all('h1', ('class','post-title'))",
            "seeds": "-1",
            "size": "",
            "torrent": "item(tag='a', attribute='href', order=1)"
    },
    "private": false,
    "season_extra": "",
    "season_extra2": "",
    "season_keywords": "{title:en} {season} temporada {year}",
    "season_keywords_fallback": "{title:en} {season:2} temporada {year}",
    "season_query": "EXTRA",
    "separator": "+",
    "show_query": "",
    "subpage": true,
    "tv_extra": "",
    "tv_extra2": "",
    "tv_keywords": "{title:br} s{season:2}e{episode:2}",
    "tv_keywords_fallback": "{title:br} {season} temporada {year}"
    },
    "comandofilmeshd.site": {
        "anime_extra": "",
        "anime_keywords": "{title} {episode}",
        "anime_query": "EXTRA",
        "base_url": "https://comandofilmeshd.site/?s=QUERY",
        "color": "FFF14E13",
	"enabled": true,
        "general_extra": "",
        "general_keywords": "{title:br}",
        "general_query": "EXTRA",
	"language": "br",
        "languages": "br, pt",
        "login_failed": "",
        "login_object": "",
        "login_path": null,
        "movie_extra": "",
        "movie_keywords": "{title:br} {year}",
        "movie_query": "EXTRA",
        "name": "comandofilmeshd",
        "parser": {
            "infohash": "",
            "name": "item('a', order=1)",
            "peers": "-1",
            "row": "find_all('h1', ('class','post-title'))",
            "seeds": "-1",
            "size": "",
            "torrent": "item(tag='a', attribute='href', order=1)"
    },
    "private": false,
    "season_extra": "",
    "season_extra2": "",
    "season_keywords": "{title:en} {season} temporada {year}",
    "season_keywords_fallback": "{title:en} {season:2} temporada {year}",
    "season_query": "EXTRA",
    "separator": "+",
    "show_query": "",
    "subpage": true,
    "tv_extra": "",
    "tv_extra2": "",
    "tv_keywords": "{title:br} s{season:2}e{episode:2}",
    "tv_keywords_fallback": "{title:br} {season} temporada {year}"
    },
    "comandotorrents.to": {
        "anime_extra": "",
        "anime_keywords": "{title:br}",
        "anime_query": "EXTRA",
        "base_url": "https://comandotorrents.to/?s=QUERY",
        "color": "FFF14E13",
	"enabled": true,
        "general_extra": "",
        "general_keywords": "{title:br}",
        "general_query": "EXTRA",
	"language": "br",
        "languages": "br, pt",
        "login_failed": "",
        "login_object": "",
        "login_path": null,
        "movie_extra": "",
        "movie_keywords": "{title:br} {year}",
        "movie_keywords_fallback": "{title:original} {year}",
        "movie_query": "EXTRA",
        "name": "comandotorrents",
        "parser": {
            "infohash": "",
            "name": "item('a', order=1)",
            "peers": "-1",
            "row": "find_all('h2', ('class','entry-title'))",
            "seeds": "-1",
            "size": "",
            "torrent": "item(tag='a', attribute='href', order=1)"
    },
    "private": false,
    "season_extra": "",
    "season_extra2": "",
    "season_keywords": "{title:en} {season} temporada {year}",
    "season_keywords_fallback": "{title:en} {season:2} temporada {year}",
    "season_query": "EXTRA",
    "separator": "+",
    "show_query": "",
    "subpage": true,
    "tv_extra": "",
    "tv_extra2": "",
    "tv_keywords": "{title:br} s{season:2}e{episode:2}",
    "tv_keywords_fallback": "{title:br} {season} temporada {year}"
    },
    "comando.la": {
        "anime_extra": "",
        "anime_keywords": "{title:br}",
        "anime_query": "EXTRA",
        "base_url": "https://comando.la/?s=QUERY",
        "color": "FFF14E13",
	"enabled": true,
        "general_extra": "",
        "general_keywords": "{title:br}",
        "general_query": "EXTRA",
	"language": "br",
        "languages": "br, pt",
        "login_failed": "",
        "login_object": "",
        "login_path": null,
        "movie_extra": "",
        "movie_keywords": "{title:br} {year}",
        "movie_keywords_fallback": "{title:original} {year}",
        "movie_query": "EXTRA",
        "name": "comando",
        "parser": {
            "infohash": "",
            "name": "item('a', order=1)",
            "peers": "-1",
            "row": "find_all('h2', ('class','entry-title'))",
            "seeds": "-1",
            "size": "",
            "torrent": "item(tag='a', attribute='href', order=1)"
    },
    "private": false,
    "season_extra": "",
    "season_extra2": "",
    "season_keywords": "{title:en} {season} temporada {year}",
    "season_keywords_fallback": "{title:en} {season:2} temporada {year}",
    "season_query": "EXTRA",
    "separator": "+",
    "show_query": "",
    "subpage": true,
    "tv_extra": "",
    "tv_extra2": "",
    "tv_keywords": "{title:br} s{season:2}e{episode:2}",
    "tv_keywords_fallback": "{title:br} {season} temporada {year}"
    },
    "capitaotorrent.com": {
        "anime_extra": "",
        "anime_keywords": "{title:br}",
        "anime_query": "EXTRA",
        "base_url": "https://capitaotorrent.com/?s=QUERY",
        "color": "FFF14E13",
	"enabled": true,
        "general_extra": "",
        "general_keywords": "{title:br}",
        "general_query": "EXTRA",
	"language": "br",
        "languages": "br, pt",
        "login_failed": "",
        "login_object": "",
        "login_path": null,
        "movie_extra": "",
        "movie_keywords": "{title:br} {year}",
        "movie_query": "EXTRA",
        "name": "capitaotorrent",
        "parser": {
            "infohash": "",
            "name": "item('a', order=2)",
            "peers": "-1",
            "row": "find_all('div', select=('class', 'elementor'))",
            "seeds": "-1",
            "size": "",
            "torrent": "item('a', attribute='href', order=1)"
    },
    "private": false,
    "season_extra": "",
    "season_extra2": "",
    "season_keywords": "{title:en} {season} temporada {year}",
    "season_keywords_fallback": "{title:en} {season:2} temporada {year}",
    "season_query": "EXTRA",
    "separator": "+",
    "show_query": "",
    "subpage": true,
    "tv_extra": "",
    "tv_extra2": "",
    "tv_keywords": "{title:br} s{season:2}e{episode:2}",
    "tv_keywords_fallback": "{title:br} {season} temporada {year}"
    },
    "darkmahou.org": {
	"anime_extra": "",
	"anime_keywords": "{title:br}",
	"anime_keywords_fallback": "{title:br} {season}ª temporada",
	"anime_query": "EXTRA",
	"base_url": "https://darkmahou.org/?s=QUERY",
	"color": "FFF14E13",
	"enabled": true,
	"general_extra": "",
	"general_keywords": "{title:br}",
	"general_query": "EXTRA",
	"language": "br",
	"languages": "br, pt",
	"login_failed": "",
	"login_object": "",
	"login_path": null,
	"movie_extra": "",
	"movie_keywords": "{title:en}",
	"movie_keywords2": "{title:br}",
	"movie_query": "EXTRA",
	"name": "Darkmahou",
	"parser": {
	    "infohash": "",
            "name": "item('span', order=2)",
	    "peers": "-1",
	    "row": "find_all('div', ('class','bsx'))",
            "seeds": "-1",
	    "size": "",
            "torrent": "item(tag='a', attribute='href', order=1)"
    },
    "private": false,
    "season_extra": "",
    "season_extra2": "",
    "season_keywords": "{title:br} {season} temporada",
    "season_keywords2": "{title:br} {season:2} temporada",
    "season_query": "EXTRA",
    "separator": "+",
    "show_query": "",
    "subpage": true,
    "tv_extra": "",
    "tv_keywords": "{title:br} s{season:2}e{episode:2}"
    },
    "flixtorrentv.video": {
        "anime_extra": "",
        "anime_keywords": "{title:br}",
        "anime_query": "EXTRA",
        "base_url": "https://flixtorrentv.video/?s=QUERY",
        "color": "FFF14E13",
	"enabled": true,
        "general_extra": "",
        "general_keywords": "{title:br}",
        "general_query": "EXTRA",
	"language": "br",
        "languages": "br, pt",
        "login_failed": "",
        "login_object": "",
        "login_path": null,
        "movie_extra": "",
        "movie_keywords": "{title:br} {year}",
        "movie_query": "EXTRA",
        "name": "flixtorrentv",
        "parser": {
            "infohash": "",
            "name": "item('a', order=1)",
            "peers": "-1",
            "row": "find_once('div', ('class','listagem')).find_all('div', ('class','item'))",
            "seeds": "-1",
            "size": "",
            "torrent": "item(tag='a', attribute='href', order=1)"
    },
    "private": false,
    "season_extra": "",
    "season_extra2": "",
    "season_keywords": "{title:en} {season} temporada {year}",
    "season_keywords_fallback": "{title:en} {season:2} temporada {year}",
    "season_query": "EXTRA",
    "separator": "+",
    "show_query": "",
    "subpage": true,
    "tv_extra": "",
    "tv_extra2": "",
    "tv_keywords": "{title:br} s{season:2}e{episode:2}",
    "tv_keywords_fallback": "{title:br} {season} temporada {year}"
    },
    "hidratorrents.org": {
        "anime_extra": "",
        "anime_keywords": "{title:br}",
        "anime_query": "EXTRA",
        "base_url": "https://hidratorrents.org/index.php?s=QUERY",
        "color": "FFF14E13",
	"enabled": true,
        "general_extra": "",
        "general_keywords": "{title:br}",
        "general_query": "EXTRA",
	"language": "br",
        "languages": "br, pt",
        "login_failed": "",
        "login_object": "",
        "login_path": null,
        "movie_extra": "",
        "movie_keywords": "{title:br}",
        "movie_query": "EXTRA",
        "name": "hidratorrents",
        "parser": {
            "infohash": "",
            "name": "item('a', order=2)",
            "peers": "-1",
            "row": "find_all('figure', select=('class','capas'))",
            "seeds": "-1",
            "size": "",
            "torrent": "item(tag='a', attribute='href', order=1)"
    },
    "private": false,
    "season_extra": "",
    "season_extra2": "",
    "season_keywords": "{title:en} {season} temporada {year}",
    "season_keywords_fallback": "{title:en} {season:2} temporada {year}",
    "season_query": "EXTRA",
    "separator": "+",
    "show_query": "",
    "subpage": true,
    "tv_extra": "",
    "tv_extra2": "",
    "tv_keywords": "{title:br} s{season:2}e{episode:2}",
    "tv_keywords_fallback": "{title:br} {season} temporada {year}"
    },
    "limontorrents.com": {
        "anime_extra": "",
        "anime_keywords": "{title:br}",
        "anime_query": "EXTRA",
        "base_url": "https://limontorrents.com/?s=QUERY",
        "color": "FFF14E13",
	"enabled": true,
        "general_extra": "",
        "general_keywords": "{title:br}",
        "general_query": "EXTRA",
	"language": "br",
        "languages": "br, pt",
        "login_failed": "",
        "login_object": "",
        "login_path": null,
        "movie_extra": "",
        "movie_keywords": "{title:br}",
        "movie_query": "EXTRA",
        "name": "limontorrents",
        "parser": {
            "infohash": "",
            "name": "item('a', order=1)",
            "peers": "-1",
            "row": "find_all('div', select=('class','title'))",
            "seeds": "-1",
            "size": "",
            "torrent": "item(tag='a', attribute='href', order=1)"
    },
    "private": false,
    "season_extra": "",
    "season_extra2": "",
    "season_keywords": "{title:en} {season} temporada",
    "season_keywords_fallback": "{title:en} {season:2} temporada",
    "season_query": "EXTRA",
    "separator": "+",
    "show_query": "",
    "subpage": true,
    "tv_extra": "",
    "tv_extra2": "",
    "tv_keywords": "{title:br} {season} temporada",
    "tv_keywords_fallback": "{title:br} {season:2} temporada"
    },
    "starckfilmes.com.br": {
        "anime_extra": "",
        "anime_keywords": "{title:br}",
        "anime_query": "EXTRA",
        "base_url": "https://www.starckfilmes.com.br/?s=QUERY",
        "color": "FFF14E13",
	"enabled": true,
        "general_extra": "",
        "general_keywords": "{title:br}",
        "general_query": "EXTRA",
	"language": "br",
        "languages": "br, pt",
        "login_failed": "",
        "login_object": "",
        "login_path": null,
        "movie_extra": "",
        "movie_keywords": "{title:br} {year}",
        "movie_keywords_fallback": "{title:original} {year}",
        "movie_query": "EXTRA",
        "name": "starckfilmes.com.br",
        "parser": {
            "infohash": "",
            "name": "item('a', order=2)",
            "peers": "-1",
            "row": "find_all('div', select=('class','sub-item'))",
            "seeds": "-1",
            "size": "",
            "torrent": "item(tag='a', attribute='href', order=1)"
    },
    "private": false,
    "season_extra": "",
    "season_extra2": "",
    "season_keywords": "{title:en} {season} temporada {year}",
    "season_keywords_fallback": "{title:en} {season:2} temporada {year}",
    "season_query": "EXTRA",
    "separator": "+",
    "show_query": "",
    "subpage": true,
    "tv_extra": "",
    "tv_extra2": "",
    "tv_keywords": "{title:br} s{season:2}e{episode:2}",
    "tv_keywords_fallback": "{title:br} {season} temporada {year}"
    },
    "nyaa": {
        "anime_keywords": "{title:original:en:jp} s{season:2}e{episode:2}",
        "anime_keywords2": "{title:original:en:jp} {absolute_episode:2}",
        "anime_keywords_fallback": "{title:original:en:jp} s{season:2}",
        "anime_query": "",
        "base_url": "https://nyaa.si/?f=0&c=1_0&q=QUERYEXTRA&s=seeders&o=desc",
        "color": "FF88D201",
        "enabled": true,
        "general_extra": "",
        "general_keywords": "{title}",
        "general_query": "",
        "language": null,
        "languages": "en",
        "login_failed": "",
        "login_object": "",
        "login_path": null,
        "movie_extra": "",
        "movie_keywords": "{title:original:en:jp}",
        "movie_query": "",
        "name": "Nyaa",
        "parser": {
            "infohash": "",
            "name": "item(tag='a', order=-2)",
            "peers": "item(tag='td', order=-1)",
            "row": "find_all('tr')",
            "seeds": "item(tag='td', order=-2)",
            "size": "item(tag='td', order=4)",
            "torrent": "item(tag='a', attribute='href', order=0)"
        },
        "predefined": false,
        "private": false,
        "root_url": "https://www.nyaa.si/",
        "season_extra": "",
        "season_extra2": "",
        "season_keywords": "{title:original:en:jp} season {season:2}",
        "season_keywords2": "{title:original:en:jp} s{season:2}",
        "season_query": "",
        "separator": "+",
        "show_query": "",
        "subpage": null,
        "tv_extra": "",
        "tv_extra2": "",
        "tv_keywords": "{title:original:en:jp} s{season:2}e{episode:2}",
        "tv_keywords2": "{title:original:en:jp} {absolute_episode:2}",
        "tv_keywords_fallback": "{title:original:en:jp} s{season:2}"
    },
    "piratetorrent.net": {
        "anime_extra": "",
        "anime_keywords": "{title:br}",
        "anime_query": "EXTRA",
        "base_url": "https://piratetorrent.net/?s=QUERY",
        "color": "FFF14E13",
	"enabled": true,
        "general_extra": "",
        "general_keywords": "{title:br}",
        "general_query": "EXTRA",
	"language": "br",
        "languages": "br, pt",
        "login_failed": "",
        "login_object": "",
        "login_path": null,
        "movie_extra": "",
        "movie_keywords": "{title:br} {year}",
        "movie_query": "EXTRA",
        "name": "piratetorrent",
        "parser": {
            "infohash": "",
            "name": "item('a', order=1)",
            "peers": "-1",
            "row": "find_all('div', select=('class','title'))",
            "seeds": "-1",
            "size": "",
            "torrent": "item(tag='a', attribute='href', order=1)"
    },
    "private": false,
    "season_extra": "",
    "season_extra2": "",
    "season_keywords": "{title:en} {season} temporada {year}",
    "season_keywords_fallback": "{title:en} {season:2} temporada {year}",
    "season_query": "EXTRA",
    "separator": "+",
    "show_query": "",
    "subpage": true,
    "tv_extra": "",
    "tv_extra2": "",
    "tv_keywords": "{title:br} s{season:2}e{episode:2}",
    "tv_keywords_fallback": "{title:br} {season} temporada {year}"
    },
    "thepirattefilmeshd.top": {
        "anime_extra": "",
        "anime_keywords": "{title:br}",
        "anime_query": "EXTRA",
        "base_url": "https://thepirattefilmeshd.top/?s=QUERY",
        "color": "FFF14E13",
	"enabled": true,
        "general_extra": "",
        "general_keywords": "{title:br}",
        "general_query": "EXTRA",
	"language": "br",
        "languages": "br, pt",
        "login_failed": "",
        "login_object": "",
        "login_path": null,
        "movie_extra": "",
        "movie_keywords": "{title:br} {year}",
        "movie_query": "EXTRA",
        "name": "thepirattefilmeshd",
        "parser": {
            "infohash": "",
            "name": "item('a', order=1)",
            "peers": "-1",
            "row": "find_all('div', select=('class','title'))",
            "seeds": "-1",
            "size": "",
            "torrent": "item(tag='a', attribute='href', order=1)"
    },
    "private": false,
    "season_extra": "",
    "season_extra2": "",
    "season_keywords": "{title:en} {season} temporada {year}",
    "season_keywords_fallback": "{title:en} {season:2} temporada {year}",
    "season_query": "EXTRA",
    "separator": "+",
    "show_query": "",
    "subpage": true,
    "tv_extra": "",
    "tv_extra2": "",
    "tv_keywords": "{title:br} s{season:2}e{episode:2}",
    "tv_keywords_fallback": "{title:br} {season} temporada {year}"
    },
    "torrentdosfilmes.to": {
        "anime_extra": "",
        "anime_keywords": "{title} {episode}",
        "anime_query": "EXTRA",
        "base_url": "https://torrentdosfilmes.to/?s=QUERY",
        "color": "FFF14E13",
	"enabled": true,
        "general_extra": "",
        "general_keywords": "{title:br}",
        "general_query": "EXTRA",
	"language": "br",
        "languages": "br, pt",
        "login_failed": "",
        "login_object": "",
        "login_path": null,
        "movie_extra": "",
        "movie_keywords": "{title:br} {year}",
        "movie_query": "EXTRA",
        "name": "TorrentDosFilmes",
        "parser": {
            "infohash": "",
            "name": "item('a', order=1)",
            "peers": "-1",
            "row": "find_all('div', ('class','post'))",
            "seeds": "-1",
            "size": "",
            "torrent": "item('a', attribute='href', order=1)"
    },
    "private": false,
    "season_extra": "",
    "season_extra2": "",
    "season_keywords": "{title:en} {season} temporada {year}",
    "season_keywords_fallback": "{title:en} {season:2} temporada {year}",
    "season_query": "EXTRA",
    "separator": "+",
    "show_query": "",
    "subpage": true,
    "tv_extra": "",
    "tv_extra2": "",
    "tv_keywords": "{title:br} s{season:2}e{episode:2}",
    "tv_keywords_fallback": "{title:br} {season} temporada {year}"
    },
    "torrentdosfilmes.se": {
        "anime_extra": "",
        "anime_keywords": "{title} {episode}",
        "anime_query": "EXTRA",
        "base_url": "https://torrentdosfilmes.se/?s=QUERY",
        "color": "FFF14E13",
	"enabled": true,
        "general_extra": "",
        "general_keywords": "{title:br}",
        "general_query": "EXTRA",
	"language": "br",
        "languages": "br, pt",
        "login_failed": "",
        "login_object": "",
        "login_path": null,
        "movie_extra": "",
        "movie_keywords": "{title:br} {year}",
        "movie_query": "EXTRA",
        "name": "TorrentDosFilmes",
        "parser": {
            "infohash": "",
            "name": "item('a', order=1)",
            "peers": "-1",
            "row": "find_all('div', ('class','post'))",
            "seeds": "-1",
            "size": "",
            "torrent": "item('a', attribute='href', order=1)"
    },
    "private": false,
    "season_extra": "",
    "season_extra2": "",
    "season_keywords": "{title:en} {season} temporada {year}",
    "season_keywords_fallback": "{title:en} {season:2} temporada {year}",
    "season_query": "EXTRA",
    "separator": "+",
    "show_query": "",
    "subpage": true,
    "tv_extra": "",
    "tv_extra2": "",
    "tv_keywords": "{title:br} s{season:2}e{episode:2}",
    "tv_keywords_fallback": "{title:br} {season} temporada {year}"
    },
    "torrentz2k": {
        "anime_keywords": "{title:en} s{season:2}e{episode:2}",
        "anime_keywords2": "{title:en} {season:2}x01|S{season:2}",
        "anime_keywords_fallback": "{title:en} s{season:2}",
        "base_url": "https://torrentz2k.xyz/api.php?url=/q.php?q=QUERY&cat=200",
        "color": "FFFFFFFF",
        "enabled": true,
        "general_keywords": "{title:original}",
        "language": "en",
        "languages": "en",
        "login_failed": "",
        "login_object": "",
        "login_path": null,
        "movie_keywords": "{title:en} {year}",
        "name": "Torrentz2K",
        "is_api": true,
        "api_format": {
            "name": "name",
            "info_hash": "info_hash",
            "peers": "leechers",
            "seeds": "seeders",
            "size": "size",
            "torrent": "info_hash",
            "results": ""
        },
        "download_path": "magnet:?xt=urn:btih:",
        "predefined": false,
        "private": false,
        "season_keywords": "{title:en} Season {season:2}",
        "season_keywords2": "{title:en} Season{season}",
        "separator": "%20",
        "subpage": false,
        "tv_keywords": "{title:en} s{season:2}e{episode:2}",
        "tv_keywords2": "{title:en} {season:2}x01|S{season:2}",
        "tv_keywords_fallback": "{title:en} s{season:2}"
    },
    "veloztorrent.com": {
        "anime_extra": "",
        "anime_keywords": "{title:br}",
        "anime_query": "EXTRA",
        "base_url": "https://veloztorrent.com/?s=QUERY",
        "color": "FFF14E13",
	"enabled": true,
        "general_extra": "",
        "general_keywords": "{title:br}",
        "general_query": "EXTRA",
	"language": "br",
        "languages": "br, pt",
        "login_failed": "",
        "login_object": "",
        "login_path": null,
        "movie_extra": "",
        "movie_keywords": "{title:br}",
        "movie_query": "EXTRA",
        "name": "veloztorrent",
        "parser": {
            "infohash": "",
            "name": "item('a', order=1)",
            "peers": "-1",
            "row": "find_all('h2', ('class','elementor-heading-title'))",
            "seeds": "-1",
            "size": "",
            "torrent": "item('a', attribute='href', order=1)"
    },
    "private": false,
    "season_extra": "",
    "season_extra2": "",
    "season_keywords": "{title:en} {season} temporada {year}",
    "season_keywords_fallback": "{title:en} {season:2} temporada {year}",
    "season_query": "EXTRA",
    "separator": "+",
    "show_query": "",
    "subpage": true,
    "tv_extra": "",
    "tv_extra2": "",
    "tv_keywords": "{title:br} s{season:2}e{episode:2}",
    "tv_keywords_fallback": "{title:br} {season} temporada {year}"
    },
    "vacatorrentmov.top": {
        "anime_extra": "",
        "anime_keywords": "{title:br}",
        "anime_query": "EXTRA",
        "base_url": "https://vacatorrentmov.top/?s=QUERY",
        "color": "FFF14E13",
	"enabled": true,
        "general_extra": "",
        "general_keywords": "{title:br}",
        "general_query": "EXTRA",
	"language": "br",
        "languages": "br, pt",
        "login_failed": "",
        "login_object": "",
        "login_path": null,
        "movie_extra": "",
        "movie_keywords": "{title:br}",
        "movie_query": "EXTRA",
        "name": "vacatorrentmov.top",
        "parser": {
            "infohash": "",
            "name": "item('h3', order=1)",
            "peers": "-1",
            "row": "find_all('div', ('class','custom-main-title'))",
            "seeds": "-1",
            "size": "",
            "torrent": "item('a', attribute='href', order=1)"
    },
    "private": false,
    "season_extra": "",
    "season_extra2": "",
    "season_keywords": "{title:en} {season} temporada {year}",
    "season_keywords_fallback": "{title:en} {season:2} temporada {year}",
    "season_query": "EXTRA",
    "separator": "+",
    "show_query": "",
    "subpage": true,
    "tv_extra": "",
    "tv_extra2": "",
    "tv_keywords": "{title:br} s{season:2}e{episode:2}",
    "tv_keywords_fallback": "{title:br} {season} temporada {year}"
    }
}
