<?xml version="1.0" encoding="UTF-8" standalone="yes"?>
<addon id="repository.aresrepo" name="[COLOR yellow]Ares[/COLOR][COLOR black]repo[/COLOR] [COLORcyan]Repository[/COLOR]" version="1.12" provider-name="ARES">
  <requires>
    <import addon="xbmc.addon" version="12.0.0"/>  
  </requires>
  <extension point="xbmc.addon.repository" name="[COLOR red]aresrepo [COLOR cyan]Repositorio[/COLOR]">
    <dir>
    <info compressed="true">https://raw.github.com/aresrepo/aresrepo.github.io/master/addons.xml</info>
    <checksum>https://raw.github.com/aresrepo/aresrepo.github.io/master/addons.xml.md5</checksum>
    <datadir zip="true">https://raw.github.com/aresrepo/aresrepo.github.io/master</datadir>
    <hashes>false</hashes>
</dir>
  <dir minversion="19.9.9">
      <info compressed="true">https://raw.github.com/aresrepo/aresrepo.github.io/master/nexus/addons.xml</info>
      <checksum>https://raw.github.com/aresrepo/aresrepo.github.io/master/nexus/addons.xml.md5</checksum>
      <datadir zip="true">https://raw.github.com/aresrepo/aresrepo.github.io/master/nexus</datadir>
      <hashes>false</hashes>
  </dir>   
  <dir minversion="19.0.0">
      <info compressed="true">https://raw.github.com/aresrepo/aresrepo.github.io/master/matrix/addons.xml</info>
      <checksum>https://raw.github.com/aresrepo/aresrepo.github.io/master/matrix/addons.xml.md5</checksum>
      <datadir zip="true">https://raw.github.com/aresrepo/aresrepo.github.io/master/matrix</datadir>
      <hashes>false</hashes>
  </dir>   
  </extension>
  <extension point="xbmc.addon.metadata">
    <summary>repositorio aresrepo</summary>
    <description>repositorio oficial aresrepo- Proibido reproducao sem autorização prévia</description>
    <disclaimer></disclaimer>
    <platform>all</platform>
    <assets>
      <icon>icon.png</icon>
      <fanart>fanart.jpg</fanart>
    </assets>
  </extension>
</addon>
